pound lobster,pound lobster,1.0
pound lobster,chocolate peanut butter,0.8009887433116327
pound lobster,lobster newberg,0.8068937766399482
pound lobster,lobster tail,0.8280020394295551
pound lobster,pound steak,0.8680699366750377
bacon fried rice anddelmonicopotatoes,bacon fried rice anddelmonicopotatoes,1.0
bacon fried rice anddelmonicopotatoes,beef short ribs,0.8107314695939466
nearblack chocolate,nearblack chocolate,1.0
nearblack chocolate,bearnaise sauce,0.8503678241520324
nearblack chocolate,cheesy cream sauce,0.8412106279372062
nearblack chocolate,mushroom sauce,0.8136543233584974
nearblack chocolate,dark chocolate mousse cake,0.8376187685757702
nearblack chocolate,chocolate peanut butter,0.84353480986867
nearblack chocolate,poivre sauce,0.8245788124122452
nearblack chocolate,beef cheek,0.8084116811819398
nearblack chocolate,chocolate mousse,0.8416351134292993
nearblack chocolate,hollandaise sauce,0.8072734868814233
nearblack chocolate,ice cream,0.8120083260473446
nearblack chocolate,truffle oil,0.8269097446564203
nearblack chocolate,chocolate hazelnut cake,0.805397918711766
nearblack chocolate,mushroom lemon sauce,0.8252486078265729
nearblack chocolate,chocolate cake,0.8212414858923323
nearblack chocolate,chocolate,0.822317897723984
nearblack chocolate,peanut butter chocolate mousse cake,0.8058020293851047
nearblack chocolate,chocolate peanut butter mousse,0.8303856764060757
nearblack chocolate,chocolate mousse cake,0.8198507165061287
nearblack chocolate,banana ice cream,0.8101200948644119
walnut cake,walnut cake,1.0
walnut cake,crab cake,0.8423697373582544
walnut cake,chocolate hazelnut cake,0.8396199670551143
walnut cake,chocolate cake,0.8515319453178676
walnut cake,sponge cake,0.8738084391037422
walnut cake,cheese cake,0.8110092441834073
sauce provided,sauce provided,1.0
shrimp,shrimp,1.0
aioli,aioli,1.0
shrimp russia,shrimp russia,1.0
lemon,lemon,1.0
lemon,butter,0.8064597214078443
lemon,lemon juice,0.8095875409729077
lemon,cane,0.8151168925796818
white,white,1.0
white,black,0.8224046296311294
potatoes,potatoes,1.0
potatoes,oysters,0.835554856562173
potatoes,spirits,0.8403984142943951
potatoes,berries,0.8387056641821906
potatoes,sauces,0.83643922751853
potatoes,bussers,0.813108710542028
potatoes,calories,0.8530566001197211
potatoes,burgers,0.8225354407749006
potatoes,meats,0.8360968845788623
potatoes,desserts,0.8314238277251025
potatoes,fries,0.8713426285084626
potatoes,peas,0.8345428675652284
potatoes,coworkers,0.824633274642592
potatoes,onions,0.8168850684402678
potatoes,lugers,0.8622591145202237
potatoes,stoeffers,0.8873740329120905
potatoes,toppings,0.8026676412575775
potatoes,tomatoes,0.8178132279336066
potatoes,peppers,0.8491035488335061
potatoes,beers,0.8198814894754258
fearless french,fearless french,1.0
& lobster newburg,& lobster newburg,1.0
& lobster newburg,lobster newburg,0.8522487751254854
black vests,black vests,1.0
black vests,french fries,0.8484931512183536
black vests,black shirts,0.9393959851133489
black vests,short ribs,0.8316472378613267
black vests,wild mushrooms,0.8676460252664714
black vests,white males,0.8146760837298672
rib eye and,rib eye and,1.0
rib eye and,rib eye steak,0.8201203611440773
rib eye and,rib eye,0.8758773203012148
cremini,cremini,1.0
cremini,calories,0.8314127998446057
cremini,onions,0.8080028385157386
cremini,lugers,0.8308085255212971
cremini,charles,0.8361824991225235
panna cotta,panna cotta,1.0
soup,soup,1.0
soup,onion,0.8063398134506904
soup,group,0.821964956133694
salad,salad,1.0
lentil soup,lentil soup,1.0
filet anddelmonicosteak,filet anddelmonicosteak,1.0
filet anddelmonicosteak,classic steak supplement,0.8285386409228516
filet anddelmonicosteak,filet mignon anddelmonicosteak,0.8989750212618249
sauce,sauce,1.0
fruit,fruit,1.0
burnt,burnt,1.0
burnt,buried,0.8848672133306714
burnt,overcooked,0.8506983289592528
burnt,coupled,0.8469051510665114
burnt,bestowed,0.8729198676800456
burnt,toasted,0.8540289902123338
oysters,potatoes,0.835554856562173
oysters,oysters,1.0
oysters,spirits,0.8336419107112566
oysters,berries,0.8638608607883005
oysters,sauces,0.8297349052835284
oysters,shirts,0.8394019060109938
oysters,cocktails,0.8140433162220478
oysters,bussers,0.880987929461611
oysters,pieces,0.8697114910413891
oysters,calories,0.8372526680701614
oysters,burgers,0.8756030804572088
oysters,chips,0.8498995026999098
oysters,meats,0.8184449648118314
oysters,beets,0.8172323526107257
oysters,desserts,0.8501809325808118
oysters,fries,0.8798634046388446
oysters,coworkers,0.8440397595075991
oysters,onions,0.8008107700648581
oysters,cappuccinos,0.8462250440659477
oysters,lugers,0.8581141033174866
oysters,others,0.8449189870153005
oysters,stoeffers,0.8181943190971617
oysters,toppings,0.8430346336345247
oysters,peppers,0.8662331712309413
oysters,beers,0.8569429716962971
roasted carrots,roasted carrots,1.0
roasted carrots,roasted vegetables,0.8965363162345826
roasted carrots,whipped potatoes,0.8065712666588767
bearnaise sauce,nearblack chocolate,0.8503678241520324
bearnaise sauce,bearnaise sauce,1.0
bearnaise sauce,farm beef cheek,0.8198770186525542
bearnaise sauce,cheesy cream sauce,0.8607008300937017
bearnaise sauce,mushroom sauce,0.8708854026480132
bearnaise sauce,dark chocolate mousse cake,0.8053451689494181
bearnaise sauce,poivre sauce,0.8696405907158842
bearnaise sauce,beef cheek,0.8312027160669756
bearnaise sauce,hollandaise sauce,0.8619320612029768
bearnaise sauce,passion fruit sauce,0.8184327591394429
bearnaise sauce,steak sauce,0.8071566270999345
bearnaise sauce,mushroom lemon sauce,0.8565979542087762
bearnaise sauce,chocolate peanut butter mousse,0.8071134121546006
asparagus,asparagus,1.0
mignon,mignon,1.0
crispy alebattered onion rings,crispy alebattered onion rings,1.0
crispy alebattered onion rings,delmonico salad candied walnuts,0.8049318623508068
crispy alebattered onion rings,fried onion garnish,0.8101950370670016
tomato salad,tomato salad,1.0
tomato salad,potato salad,0.8271682547245407
tomato salad,burrata salad,0.8073901104397871
foie gras,foie gras,1.0
creme,creme,1.0
journey,journey,1.0
journey,crunchy,0.8044148799740696
cheek & bone,cheek & bone,1.0
craft beers,craft beers,1.0
craft beers,oil paintings,0.8047963716744491
craft beers,crab cakes,0.8511242317069919
craft beers,mash potatoes,0.8191058403294693
craft beers,burger beers,0.8624915233435606
craft beers,crispy oysters,0.8004501732821369
craft beers,lamb chops,0.8405092568774771
baked broccoli,baked broccoli,1.0
baked broccoli,grilled broccoli,0.8200716176313043
baked broccoli,classic baked,0.8225691540363388
grilled broccoli,baked broccoli,0.8200716176313043
grilled broccoli,grilled broccoli,1.0
grilled broccoli,grilled asparagus,0.8672912678545242
spirits,potatoes,0.8403984142943951
spirits,oysters,0.8336419107112566
spirits,spirits,1.0
spirits,berries,0.8095568935964675
spirits,sauces,0.8555492652024529
spirits,steaks,0.8298203714848166
spirits,shirts,0.862224010972035
spirits,carrots,0.843493734612857
spirits,bussers,0.8250609305488019
spirits,pieces,0.8004810394198524
spirits,calories,0.8286021495401369
spirits,burgers,0.8116242992581434
spirits,meats,0.8483018429240845
spirits,beets,0.8243118189815734
spirits,desserts,0.8289703034786892
spirits,fries,0.8854393919175575
spirits,coworkers,0.803110299522794
spirits,onions,0.8369255934656042
spirits,lugers,0.8635148984009224
spirits,others,0.8291822934238073
spirits,stoeffers,0.8259262185988979
spirits,toppings,0.8274764124663517
spirits,peppers,0.8394241069094148
spirits,beers,0.8322096975374276
eggs benedict,eggs benedict,1.0
prime,prime,1.0
farm beef cheek,bearnaise sauce,0.8198770186525542
farm beef cheek,farm beef cheek,1.0
farm beef cheek,cheesy cream sauce,0.8411856656528288
farm beef cheek,day dryaged bonein rib eye delmonico steak,0.8516425572187737
farm beef cheek,mushroom sauce,0.8166783056119858
farm beef cheek,dark chocolate mousse cake,0.8198347948721351
farm beef cheek,peanut butter,0.819908403858726
farm beef cheek,chocolate peanut butter,0.852636396777538
farm beef cheek,beef cheek,0.9360183567563342
farm beef cheek,truffle oil,0.8042290844700398
farm beef cheek,petitfiletmignon starstender,0.8208580111539816
farm beef cheek,passion fruit sauce,0.8421162219206233
farm beef cheek,vanilla ice cream,0.8242952584183679
farm beef cheek,chocolate hazelnut cake,0.8202829540104155
farm beef cheek,lemon juice,0.8045738480824594
farm beef cheek,cheek meat,0.8546577353302156
farm beef cheek,mushroom lemon sauce,0.8716109858118694
farm beef cheek,lobster bisque,0.8129859693719587
farm beef cheek,peanut butter chocolate mousse cake,0.8552883439484024
farm beef cheek,chocolate peanut butter mousse,0.8650566174369732
farm beef cheek,cheese cake,0.8023660326197865
farm beef cheek,bread basket,0.8453831070204223
potatoes roasted button,potatoes roasted button,1.0
berries,potatoes,0.8387056641821906
berries,oysters,0.8638608607883005
berries,spirits,0.8095568935964675
berries,berries,1.0
berries,sauces,0.8657136368181862
berries,shirts,0.8086064173048154
berries,cocktails,0.8211681657095937
berries,bussers,0.8796875895967201
berries,pieces,0.868185413720762
berries,calories,0.8816266602852779
berries,burgers,0.8641632421491223
berries,chips,0.8626314634454225
berries,meats,0.8146305724986271
berries,beets,0.8069703229647835
berries,desserts,0.8359983015428454
berries,coors,0.8577232638331828
berries,fries,0.8962908223715587
berries,coworkers,0.8026394518223775
berries,onions,0.8396297241811482
berries,lugers,0.8951519902297053
berries,others,0.8418785690024444
berries,stoeffers,0.873444620034841
berries,toppings,0.8718276147596612
berries,peppers,0.8807743974663838
berries,beers,0.8566354536376054
greens,greens,1.0
greens,calories,0.8098524028781502
greens,desserts,0.8105120917029864
greens,cuts,0.801877598003691
greens,offers,0.842593146461523
onion,soup,0.8063398134506904
onion,onion,1.0
onion,creation,0.8428638139579756
onion,butter,0.8064756998809202
mashed potatoes,mashed potatoes,1.0
mashed potatoes,frizzled onions,0.8318244877701138
mashed potatoes,braised ribs,0.8344143098173264
mashed potatoes,whipped mash potatoes,0.8490473437586898
mashed potatoes,whipped potatoes,0.9198768439056515
sauces,potatoes,0.83643922751853
sauces,oysters,0.8297349052835284
sauces,spirits,0.8555492652024529
sauces,berries,0.8657136368181862
sauces,sauces,1.0
sauces,shirts,0.8316225585186628
sauces,bussers,0.814432505891499
sauces,pieces,0.8538278532267024
sauces,calories,0.840564645794663
sauces,burgers,0.8498161415022659
sauces,chips,0.8175188344838213
sauces,meats,0.8435658126034242
sauces,beets,0.800072123649264
sauces,desserts,0.855806338777242
sauces,fries,0.8696091596487078
sauces,coworkers,0.8230587831549031
sauces,onions,0.8294505848997841
sauces,lugers,0.8390963749736959
sauces,stoeffers,0.8355145764952513
sauces,toppings,0.8615906700150009
sauces,peppers,0.8009536904957185
roasted vegetables,roasted carrots,0.8965363162345826
roasted vegetables,roasted vegetables,1.0
abraham,abraham,1.0
cauliflower,cauliflower,1.0
guac,guac,1.0
guac,chocolate,0.8658909384499508
guac,lamb,0.8041272265444227
ham,ham,1.0
aged ribeye,aged ribeye,1.0
aged ribeye,day dryaged prime ribeye steak,0.8012081180589018
aged ribeye,day dryaged prime ribeye,0.8023750634129607
aged ribeye,day aged ribeye,0.9030713295358433
buffalo mozzarella,buffalo mozzarella,1.0
oil paintings,craft beers,0.8047963716744491
oil paintings,oil paintings,1.0
french fries,black vests,0.8484931512183536
french fries,french fries,1.0
french fries,black shirts,0.8305156773333308
french fries,wild mushrooms,0.8316517440254789
cheesy cream sauce,nearblack chocolate,0.8412106279372062
cheesy cream sauce,bearnaise sauce,0.8607008300937017
cheesy cream sauce,farm beef cheek,0.8411856656528288
cheesy cream sauce,cheesy cream sauce,1.0
cheesy cream sauce,day dryaged bonein rib eye delmonico steak,0.8222672326414461
cheesy cream sauce,mushroom sauce,0.8655630041613066
cheesy cream sauce,dark chocolate mousse cake,0.8351030796464081
cheesy cream sauce,chocolate peanut butter,0.8682158716536563
cheesy cream sauce,poivre sauce,0.8646158971691297
cheesy cream sauce,beef cheek,0.8303010927332148
cheesy cream sauce,hollandaise sauce,0.8511521343838606
cheesy cream sauce,ice cream,0.8407487563763044
cheesy cream sauce,truffle oil,0.8055128937344095
cheesy cream sauce,steak sauce,0.8185025881397527
cheesy cream sauce,vanilla ice cream,0.8182457708642361
cheesy cream sauce,chocolate hazelnut cake,0.8149948336323051
cheesy cream sauce,mushroom lemon sauce,0.8852621916493681
cheesy cream sauce,chocolate cake,0.8040290270432825
cheesy cream sauce,crispy bone marrow,0.8027994534040337
cheesy cream sauce,peanut butter chocolate mousse cake,0.8194941394956768
cheesy cream sauce,chocolate peanut butter mousse,0.8347356876579068
cheesy cream sauce,banana ice cream,0.8289750323238473
steaks,spirits,0.8298203714848166
steaks,steaks,1.0
steaks,shirts,0.8472552665266059
steaks,calories,0.800399427290728
steaks,meats,0.8180047049077667
steaks,beets,0.8065299280339615
steaks,desserts,0.8317220069665452
steaks,beers,0.8134183126817705
apple,apple,1.0
mushroom,mushroom,1.0
buried,burnt,0.8848672133306714
buried,buried,1.0
buried,overcooked,0.8308039575922566
buried,bestowed,0.8548086365152049
shirts,oysters,0.8394019060109938
shirts,spirits,0.862224010972035
shirts,berries,0.8086064173048154
shirts,sauces,0.8316225585186628
shirts,steaks,0.8472552665266059
shirts,shirts,1.0
shirts,carrots,0.8089430977562689
shirts,cocktails,0.8156285506636333
shirts,bussers,0.8577427396771753
shirts,pieces,0.8033228645703225
shirts,calories,0.8444928183074011
shirts,meats,0.8545411707371813
shirts,beets,0.8197083661174895
shirts,desserts,0.8894706033514731
shirts,fries,0.8471096218140503
shirts,coworkers,0.803688600538885
shirts,onions,0.8202906460646314
shirts,lugers,0.827046520145954
shirts,toppings,0.8274375800750697
shirts,peppers,0.8013823318857498
shirts,beers,0.8518635961557496
carrots,spirits,0.843493734612857
carrots,shirts,0.8089430977562689
carrots,carrots,1.0
carrots,meats,0.821807766154559
carrots,fries,0.831328846660194
delmonicos signature steak,delmonicos signature steak,1.0
delmonicos signature steak,rib eye steak,0.8090325176988854
delmonicos signature steak,sirloin steak,0.8318129538559548
delmonicos signature steak,truffle oil,0.8074978346290136
delmonicos signature steak,steak sauce,0.8253260095122119
delmonicos signature steak,pound steak,0.8289674461816094
delmonicos signature steak,mushroom lemon sauce,0.8105136485136651
delmonicos signature steak,delmonicos steak andbraisedshortribs,0.860095432833472
day dryaged bonein rib eye delmonico steak,farm beef cheek,0.8516425572187737
day dryaged bonein rib eye delmonico steak,cheesy cream sauce,0.8222672326414461
day dryaged bonein rib eye delmonico steak,day dryaged bonein rib eye delmonico steak,1.0
day dryaged bonein rib eye delmonico steak,mushroom sauce,0.8029381797213915
day dryaged bonein rib eye delmonico steak,dark chocolate mousse cake,0.830169221712824
day dryaged bonein rib eye delmonico steak,peanut butter,0.82771525811202
day dryaged bonein rib eye delmonico steak,chocolate peanut butter,0.8573450404582266
day dryaged bonein rib eye delmonico steak,rib eye steak,0.9145069386329377
day dryaged bonein rib eye delmonico steak,lobster newberg,0.8264725512425797
day dryaged bonein rib eye delmonico steak,beef cheek,0.8016799827824675
day dryaged bonein rib eye delmonico steak,passion fruit sauce,0.8225923252415025
day dryaged bonein rib eye delmonico steak,day dryaged prime ribeye steak,0.8286048543703215
day dryaged bonein rib eye delmonico steak,rib eye,0.8336243098058439
day dryaged bonein rib eye delmonico steak,vanilla ice cream,0.8039467527875171
day dryaged bonein rib eye delmonico steak,chocolate hazelnut cake,0.8082694454139743
day dryaged bonein rib eye delmonico steak,pound steak,0.8298892253925483
day dryaged bonein rib eye delmonico steak,mushroom lemon sauce,0.852911755321032
day dryaged bonein rib eye delmonico steak,crispy bone marrow,0.8220667185220645
day dryaged bonein rib eye delmonico steak,peanut butter chocolate mousse cake,0.8628226204247722
day dryaged bonein rib eye delmonico steak,chocolate peanut butter mousse,0.8578287719022166
day dryaged bonein rib eye delmonico steak,chocolate mousse cake starsfluffy,0.8094625078779911
day dryaged bonein rib eye delmonico steak,bread basket,0.8364971001200797
day dryaged bonein rib eye delmonico steak,banana ice cream,0.8037798936181721
cocktails,oysters,0.8140433162220478
cocktails,berries,0.8211681657095937
cocktails,shirts,0.8156285506636333
cocktails,cocktails,1.0
cocktails,calories,0.852022122998861
cocktails,desserts,0.8127765725430813
cocktails,fries,0.8463664200893202
cocktails,lugers,0.8085317691303007
cocktails,stoeffers,0.8022383038710476
cocktails,tomatoes,0.8064166679764282
cocktails,peppers,0.8317564565750797
cocktails,beers,0.815067574739304
bone marrow,bone marrow,1.0
bone marrow,peanut butter,0.8149269808571936
bone marrow,crispy bone marrow,0.9135848115761643
mushroom sauce,nearblack chocolate,0.8136543233584974
mushroom sauce,bearnaise sauce,0.8708854026480132
mushroom sauce,farm beef cheek,0.8166783056119858
mushroom sauce,cheesy cream sauce,0.8655630041613066
mushroom sauce,day dryaged bonein rib eye delmonico steak,0.8029381797213915
mushroom sauce,mushroom sauce,1.0
mushroom sauce,dark chocolate mousse cake,0.8018655032373557
mushroom sauce,chocolate peanut butter,0.8433642356949511
mushroom sauce,rib eye steak,0.8185449129851129
mushroom sauce,poivre sauce,0.8126843487900847
mushroom sauce,hollandaise sauce,0.8710547013506454
mushroom sauce,lighter sauce,0.8114735852493751
mushroom sauce,truffle oil,0.8057423997046901
mushroom sauce,steak sauce,0.8665907102800642
mushroom sauce,chocolate hazelnut cake,0.8301958707522981
mushroom sauce,pound steak,0.8377200415625022
mushroom sauce,mushroom lemon sauce,0.9305261738258466
mushroom sauce,chocolate cake,0.8260402987816574
mushroom sauce,chocolate peanut butter mousse,0.8186322367920513
mushroom sauce,sponge cake,0.8308689516025896
mushroom sauce,butternut squash,0.8077118051434671
mushroom sauce,cheese cake,0.8124702003765463
classic steak supplement,filet anddelmonicosteak,0.8285386409228516
classic steak supplement,classic steak supplement,1.0
classic steak supplement,seasonal soup gazpacho,0.8130285193119887
classic steak supplement,filet mignon anddelmonicosteak,0.80085146641761
dark chocolate mousse cake,nearblack chocolate,0.8376187685757702
dark chocolate mousse cake,bearnaise sauce,0.8053451689494181
dark chocolate mousse cake,farm beef cheek,0.8198347948721351
dark chocolate mousse cake,cheesy cream sauce,0.8351030796464081
dark chocolate mousse cake,day dryaged bonein rib eye delmonico steak,0.830169221712824
dark chocolate mousse cake,mushroom sauce,0.8018655032373557
dark chocolate mousse cake,dark chocolate mousse cake,1.0
dark chocolate mousse cake,cake biscuit,0.8247529780208688
dark chocolate mousse cake,chocolate peanut butter,0.8579508628930411
dark chocolate mousse cake,mousse cake,0.8414916060420876
dark chocolate mousse cake,beef cheek,0.8216521291775858
dark chocolate mousse cake,chocolate mousse,0.8679420010423946
dark chocolate mousse cake,chocolate hazelnut cake,0.9051920015380163
dark chocolate mousse cake,cheek meat,0.8013741336744274
dark chocolate mousse cake,mushroom lemon sauce,0.8232107158789898
dark chocolate mousse cake,chocolate cake,0.8967568649562242
dark chocolate mousse cake,peanut butter chocolate mousse cake,0.9236640648999492
dark chocolate mousse cake,chocolate peanut butter mousse,0.890892246430755
dark chocolate mousse cake,sponge cake,0.8607249242155652
dark chocolate mousse cake,new york style cheesecake,0.8090396131880738
dark chocolate mousse cake,cheese cake,0.8677348522175337
dark chocolate mousse cake,chocolate mousse cake,0.9448428567885221
dark chocolate mousse cake,chocolate mousse cake starsfluffy,0.9388791690145903
tendersteak,tendersteak,1.0
alas,alas,1.0
paintings,paintings,1.0
paintings,pieces,0.8082914817275151
paintings,fries,0.8343089629215373
paintings,toppings,0.8479792904486024
paintings,beers,0.8065276361731584
pan roasted scallops,pan roasted scallops,1.0
mac and cheese,mac and cheese,1.0
mac and cheese,garlic and lemon,0.803926030472244
mac and cheese,mac n cheese,0.8800329883091091
crab cakes,craft beers,0.8511242317069919
crab cakes,crab cakes,1.0
crab cakes,lamb chops,0.818307568833651
bisque,bisque,1.0
classic baked,baked broccoli,0.8225691540363388
classic baked,classic baked,1.0
rigatoni pasta,rigatoni pasta,1.0
rigatoni pasta,chocolate peanut butter,0.8056992834886585
rigatoni pasta,chocolate peanut butter mousse,0.8001507855616927
rigatoni pasta,soda bread,0.8172555313793017
creation,onion,0.8428638139579756
creation,creation,1.0
creation,wine,0.8130409529546241
creation,vanilla,0.8001943795825054
bussers,potatoes,0.813108710542028
bussers,oysters,0.880987929461611
bussers,spirits,0.8250609305488019
bussers,berries,0.8796875895967201
bussers,sauces,0.814432505891499
bussers,shirts,0.8577427396771753
bussers,bussers,1.0
bussers,pieces,0.8728318730395866
bussers,calories,0.878373510667119
bussers,burgers,0.9044181719929714
bussers,chips,0.8449365545040216
bussers,meats,0.8561848377867046
bussers,beets,0.8335982795370173
bussers,desserts,0.8733366425822877
bussers,coors,0.8074039382943929
bussers,fries,0.8649028516220987
bussers,onions,0.8258138673805969
bussers,lugers,0.8799232109374961
bussers,others,0.8515056443843229
bussers,stoeffers,0.8220853540951873
bussers,toppings,0.8619757799505526
bussers,peppers,0.8848614973264465
bussers,beers,0.8688884642534831
pieces,oysters,0.8697114910413891
pieces,spirits,0.8004810394198524
pieces,berries,0.868185413720762
pieces,sauces,0.8538278532267024
pieces,shirts,0.8033228645703225
pieces,paintings,0.8082914817275151
pieces,bussers,0.8728318730395866
pieces,pieces,1.0
pieces,calories,0.8588462663213376
pieces,burgers,0.8633050861086351
pieces,chips,0.8686278336689929
pieces,meats,0.8234055052737225
pieces,beets,0.8332008761731241
pieces,chanterelles,0.8113932742800809
pieces,desserts,0.8755533657551545
pieces,coors,0.8044582464192508
pieces,fries,0.8770233985330247
pieces,coworkers,0.810170201423479
pieces,onions,0.8386016571088583
pieces,lugers,0.859015351593238
pieces,stoeffers,0.808443452253393
pieces,toppings,0.8619188423983941
pieces,peppers,0.8492891203550479
pieces,beers,0.8170506659144877
delmonicopotatoes,delmonicopotatoes,1.0
pig,pig,1.0
cake biscuit,dark chocolate mousse cake,0.8247529780208688
cake biscuit,cake biscuit,1.0
cake biscuit,mousse cake,0.804844921028527
cake biscuit,chocolate cake,0.8571729023671315
cake biscuit,sponge cake,0.8538494527456923
cake biscuit,cheese cake,0.8164430755267641
cake biscuit,chocolate mousse cake,0.8350650634018518
cake biscuit,chocolate mousse cake starsfluffy,0.8665776895889974
break,break,1.0
cream,cream,1.0
cream,truffle,0.8145725433236897
cream,crunchy,0.8212011284037387
calories,potatoes,0.8530566001197211
calories,cremini,0.8314127998446057
calories,oysters,0.8372526680701614
calories,spirits,0.8286021495401369
calories,berries,0.8816266602852779
calories,greens,0.8098524028781502
calories,sauces,0.840564645794663
calories,steaks,0.800399427290728
calories,shirts,0.8444928183074011
calories,cocktails,0.852022122998861
calories,bussers,0.878373510667119
calories,pieces,0.8588462663213376
calories,calories,1.0
calories,burgers,0.835544246781071
calories,chips,0.8361617791115767
calories,meats,0.8573455635094488
calories,beets,0.8141888585314393
calories,chanterelles,0.8025467116056232
calories,desserts,0.8734614484955754
calories,coors,0.8231987267976193
calories,fries,0.8838289611828937
calories,onions,0.8603670579251186
calories,lugers,0.8965011396292106
calories,others,0.8218497320837947
calories,stoeffers,0.8581556491017468
calories,cuts,0.8044873113983546
calories,toppings,0.8645692482829616
calories,peppers,0.8712015057597562
calories,beers,0.8486048256207189
oven,oven,1.0
buck,buck,1.0
buck,group,0.8060391199333199
buck,wine,0.8122235698342997
spinach,spinach,1.0
spinach,argula,0.8114643310896522
spinach,wine,0.8085948806035008
potatoes lobster newburg chicken,potatoes lobster newburg chicken,1.0
potatoes lobster newburg chicken,lobster newberg,0.8064457467788796
potatoes lobster newburg chicken,lobster tail,0.8096294229033705
potatoes lobster newburg chicken,lobster bisque,0.8164435136886957
potatoes lobster newburg chicken,lobster newburg,0.8145039157584678
black shirts,black vests,0.9393959851133489
black shirts,french fries,0.8305156773333308
black shirts,black shirts,1.0
black shirts,short ribs,0.8229334585048111
black shirts,wild mushrooms,0.8575863988863645
black shirts,white males,0.8280653947802963
peanut butter,farm beef cheek,0.819908403858726
peanut butter,day dryaged bonein rib eye delmonico steak,0.82771525811202
peanut butter,bone marrow,0.8149269808571936
peanut butter,peanut butter,1.0
peanut butter,chocolate peanut butter,0.9498080077357277
peanut butter,rib eye steak,0.8483558311329595
peanut butter,sirloin steak,0.8096083942488657
peanut butter,ice cream,0.8305618253203302
peanut butter,truffle oil,0.8215142604983804
peanut butter,passion fruit sauce,0.8156922177829078
peanut butter,rib eye,0.8158092525535054
peanut butter,vanilla ice cream,0.8680052402597835
peanut butter,butter,0.809320372011152
peanut butter,pound steak,0.8082414143323553
peanut butter,lemon juice,0.8433977903325602
peanut butter,mushroom lemon sauce,0.8597753538183979
peanut butter,crispy bone marrow,0.8422027058831512
peanut butter,peanut butter chocolate mousse cake,0.9018046445724336
peanut butter,chocolate peanut butter mousse,0.9239464690881402
peanut butter,bread basket,0.8472775471093059
peanut butter,banana ice cream,0.8512860500274599
petitefiletmignon,petitefiletmignon,1.0
argula,spinach,0.8114643310896522
argula,argula,1.0
ribeye,ribeye,1.0
cesar salad,cesar salad,1.0
cesar salad,burrata salad,0.848921734500839
renowned,renowned,1.0
mild,mild,1.0
calamari,calamari,1.0
burned meringue,burned meringue,1.0
burned meringue,salted caramel sauce,0.8134886858915124
country,country,1.0
country,coffee,0.8015711835904844
country,vanilla,0.8220085292195339
signaturedelmonicosteak,signaturedelmonicosteak,1.0
signaturedelmonicosteak,regulardelmonicosteak,0.8061606025116592
prime boneless ribeye steak,prime boneless ribeye steak,1.0
prime boneless ribeye steak,bitter rubbery garbage,0.8114243419184974
prime boneless ribeye steak,day dryaged prime ribeye steak,0.8900841601798116
prime boneless ribeye steak,ribeye steak,0.8731051939943342
prime boneless ribeye steak,seasonal soup gazpacho,0.8147062024207615
spread,spread,1.0
slab,slab,1.0
garlic,garlic,1.0
garlic,black,0.8244085566670784
marrow,marrow,1.0
marrow,butter,0.8205254482706351
carrot,carrot,1.0
onedelmonicosteak,onedelmonicosteak,1.0
orange,orange,1.0
salted caramel sauce,burned meringue,0.8134886858915124
salted caramel sauce,salted caramel sauce,1.0
burgers,potatoes,0.8225354407749006
burgers,oysters,0.8756030804572088
burgers,spirits,0.8116242992581434
burgers,berries,0.8641632421491223
burgers,sauces,0.8498161415022659
burgers,bussers,0.9044181719929714
burgers,pieces,0.8633050861086351
burgers,calories,0.835544246781071
burgers,burgers,1.0
burgers,chips,0.8322127554419011
burgers,meats,0.8113576572595261
burgers,beets,0.8107549010352924
burgers,chanterelles,0.8057758069534369
burgers,desserts,0.828972300771694
burgers,coors,0.8104797541894679
burgers,fries,0.8601126351511944
burgers,coworkers,0.8208859618792725
burgers,onions,0.8129169652149704
burgers,lugers,0.8451217801003084
burgers,others,0.830037890922864
burgers,stoeffers,0.8584081961790658
burgers,toppings,0.8441871921886407
burgers,peppers,0.8979312244200807
burgers,beers,0.8177966201293667
blueberry pie,blueberry pie,1.0
blueberry pie,rib eye,0.8140342372013419
banana gelato,banana gelato,1.0
banana gelato,banana sorbet,0.8464546050875815
banana gelato,lobster newburg,0.8166350004359262
crab cake,walnut cake,0.8423697373582544
crab cake,crab cake,1.0
crab cake,mousse cake,0.8153426477586874
crab cake,chocolate hazelnut cake,0.8571562301572074
crab cake,chocolate cake,0.8708603729501956
crab cake,sponge cake,0.8789897768557187
crab cake,cheese cake,0.8550703801314067
crab cake,chocolate mousse cake,0.8313972674567669
crab cake,chocolate mousse cake starsfluffy,0.806277399907201
dried chicken,dried chicken,1.0
coffee,country,0.8015711835904844
coffee,coffee,1.0
naked ravioli,naked ravioli,1.0
namesake potatoes,namesake potatoes,1.0
namesake potatoes,mash potatoes,0.8550908228021193
manhattan clam chowder,manhattan clam chowder,1.0
manhattan clam chowder,lemon juice,0.806519205372415
group,soup,0.821964956133694
group,buck,0.8060391199333199
group,group,1.0
chocolate peanut butter,pound lobster,0.8009887433116327
chocolate peanut butter,nearblack chocolate,0.84353480986867
chocolate peanut butter,farm beef cheek,0.852636396777538
chocolate peanut butter,cheesy cream sauce,0.8682158716536563
chocolate peanut butter,day dryaged bonein rib eye delmonico steak,0.8573450404582266
chocolate peanut butter,mushroom sauce,0.8433642356949511
chocolate peanut butter,dark chocolate mousse cake,0.8579508628930411
chocolate peanut butter,rigatoni pasta,0.8056992834886585
chocolate peanut butter,peanut butter,0.9498080077357277
chocolate peanut butter,chocolate peanut butter,1.0
chocolate peanut butter,rib eye steak,0.8492890277198838
chocolate peanut butter,sirloin steak,0.8229914884898895
chocolate peanut butter,beef cheek,0.8033286547112837
chocolate peanut butter,chocolate mousse,0.830612497311652
chocolate peanut butter,hollandaise sauce,0.800232976530784
chocolate peanut butter,ice cream,0.8499864338214816
chocolate peanut butter,truffle oil,0.8417730580840579
chocolate peanut butter,passion fruit sauce,0.8157267911493998
chocolate peanut butter,steak sauce,0.821473185967407
chocolate peanut butter,vanilla ice cream,0.8693856005897613
chocolate peanut butter,chocolate hazelnut cake,0.8593117540646454
chocolate peanut butter,pound steak,0.8350137509783406
chocolate peanut butter,lemon juice,0.8350741244124475
chocolate peanut butter,cheek meat,0.8344259007204453
chocolate peanut butter,mushroom lemon sauce,0.899556784879638
chocolate peanut butter,chocolate cake,0.8479081729211954
chocolate peanut butter,crispy bone marrow,0.8485221601830917
chocolate peanut butter,peanut butter chocolate mousse cake,0.9210470968589541
chocolate peanut butter,chocolate peanut butter mousse,0.9619296412078638
chocolate peanut butter,cheese cake,0.8018914023005058
chocolate peanut butter,soda bread,0.8212018158417889
chocolate peanut butter,chocolate mousse cake,0.8499395917797422
chocolate peanut butter,chocolate mousse cake starsfluffy,0.8269197267187549
chocolate peanut butter,bread basket,0.8428481926887355
chocolate peanut butter,banana ice cream,0.8550611999509734
chocolate peanut butter,crispy string,0.8099119150524211
potato salad,tomato salad,0.8271682547245407
potato salad,potato salad,1.0
rib eye steak,rib eye and,0.8201203611440773
rib eye steak,delmonicos signature steak,0.8090325176988854
rib eye steak,day dryaged bonein rib eye delmonico steak,0.9145069386329377
rib eye steak,mushroom sauce,0.8185449129851129
rib eye steak,peanut butter,0.8483558311329595
rib eye steak,chocolate peanut butter,0.8492890277198838
rib eye steak,rib eye steak,1.0
rib eye steak,sirloin steak,0.8500082735785204
rib eye steak,truffle oil,0.8130703333145413
rib eye steak,passion fruit sauce,0.8312609772186023
rib eye steak,rib eye,0.929195332197053
rib eye steak,steak sauce,0.8358632246270302
rib eye steak,vanilla ice cream,0.8275478357395378
rib eye steak,chocolate hazelnut cake,0.8000257348895812
rib eye steak,pound steak,0.8566683462880487
rib eye steak,lemon juice,0.8229231003823766
rib eye steak,mushroom lemon sauce,0.8588607128704725
rib eye steak,crispy bone marrow,0.8361542084922265
rib eye steak,ribeye steak,0.8011911344216203
rib eye steak,peanut butter chocolate mousse cake,0.8338247845164388
rib eye steak,chocolate peanut butter mousse,0.8336622738689351
rib eye steak,bread basket,0.83793610317635
rib eye steak,banana ice cream,0.828224688814196
crisp sear,crisp sear,1.0
white cake,white cake,1.0
white cake,garlic mash,0.8014092929849779
white cake,white cream,0.8263752465611317
lobster newberg,pound lobster,0.8068937766399482
lobster newberg,day dryaged bonein rib eye delmonico steak,0.8264725512425797
lobster newberg,potatoes lobster newburg chicken,0.8064457467788796
lobster newberg,lobster newberg,1.0
lobster newberg,lobster tail,0.8823809184234436
lobster newberg,lobster bisque,0.9003107021065601
lobster newberg,lobster newburg,0.8132018774939761
chips,oysters,0.8498995026999098
chips,berries,0.8626314634454225
chips,sauces,0.8175188344838213
chips,bussers,0.8449365545040216
chips,pieces,0.8686278336689929
chips,calories,0.8361617791115767
chips,burgers,0.8322127554419011
chips,chips,1.0
chips,meats,0.8280941184039158
chips,chanterelles,0.8138946413106807
chips,desserts,0.8088581963342101
chips,coors,0.811782063829901
chips,fries,0.8527735998669826
chips,onions,0.8136400706832089
chips,lugers,0.8513306810530521
chips,others,0.8379390541907903
chips,stoeffers,0.8036236150113546
chips,toppings,0.8553780103656927
chips,peppers,0.8464371509137455
chips,beers,0.8059547835624881
guacamole,guacamole,1.0
texas de brazil,texas de brazil,1.0
oyster,oyster,1.0
sirloin steak,delmonicos signature steak,0.8318129538559548
sirloin steak,peanut butter,0.8096083942488657
sirloin steak,chocolate peanut butter,0.8229914884898895
sirloin steak,rib eye steak,0.8500082735785204
sirloin steak,sirloin steak,1.0
sirloin steak,steak sauce,0.8633426790349945
sirloin steak,pound steak,0.8454098860474208
sirloin steak,lemon juice,0.8060942602137695
sirloin steak,chocolate cake,0.8028167447383052
sirloin steak,ribeye steak,0.8354902908368826
sirloin steak,chocolate peanut butter mousse,0.8005119386471947
sirloin steak,sponge cake,0.8038526700250814
bacon,bacon,1.0
bacon relish,bacon relish,1.0
bacon relish,bacon mishap,0.8624683266596903
grilled filet mignon,grilled filet mignon,1.0
mousse cake,dark chocolate mousse cake,0.8414916060420876
mousse cake,cake biscuit,0.804844921028527
mousse cake,crab cake,0.8153426477586874
mousse cake,mousse cake,1.0
mousse cake,chocolate mousse,0.8289462561102665
mousse cake,chocolate hazelnut cake,0.8229371043681226
mousse cake,dessert cheesecake,0.8046967559439572
mousse cake,chocolate cake,0.8559972258715632
mousse cake,peanut butter chocolate mousse cake,0.8147403560136752
mousse cake,sponge cake,0.8242198479167714
mousse cake,cheese cake,0.8314479135315982
mousse cake,chocolate mousse cake,0.9276645183587593
mousse cake,chocolate mousse cake starsfluffy,0.8680054219190014
frizee salad,frizee salad,1.0
poivre sauce,nearblack chocolate,0.8245788124122452
poivre sauce,bearnaise sauce,0.8696405907158842
poivre sauce,cheesy cream sauce,0.8646158971691297
poivre sauce,mushroom sauce,0.8126843487900847
poivre sauce,poivre sauce,1.0
poivre sauce,beef cheek,0.81219461405107
poivre sauce,hollandaise sauce,0.820639271285887
poivre sauce,truffle oil,0.8039683836827576
poivre sauce,passion fruit sauce,0.8129330832011745
poivre sauce,rib eye,0.8035804769237035
poivre sauce,steak sauce,0.8135655139825213
poivre sauce,soda bread,0.8036283353174791
black sea bass with,black sea bass with,1.0
profiteroles,profiteroles,1.0
profiteroles,brings,0.8053538246098589
profiteroles,cuts,0.8160380035363
bordeaux,bordeaux,1.0
crispy onions,crispy onions,1.0
crispy onions,crispy oysters,0.9207193964087101
crispy onions,crispy bits,0.8789911354923232
roasted sirloin,roasted sirloin,1.0
roasted sirloin,roasted beet,0.8421643433676206
pasta,pasta,1.0
bitter rubbery garbage,prime boneless ribeye steak,0.8114243419184974
bitter rubbery garbage,bitter rubbery garbage,1.0
bitter rubbery garbage,seasonal soup gazpacho,0.8085610817347544
delmonico salad candied walnuts,crispy alebattered onion rings,0.8049318623508068
delmonico salad candied walnuts,delmonico salad candied walnuts,1.0
beef cheek,nearblack chocolate,0.8084116811819398
beef cheek,bearnaise sauce,0.8312027160669756
beef cheek,farm beef cheek,0.9360183567563342
beef cheek,cheesy cream sauce,0.8303010927332148
beef cheek,day dryaged bonein rib eye delmonico steak,0.8016799827824675
beef cheek,dark chocolate mousse cake,0.8216521291775858
beef cheek,chocolate peanut butter,0.8033286547112837
beef cheek,poivre sauce,0.81219461405107
beef cheek,beef cheek,1.0
beef cheek,cheek meat,0.8407349139539252
beef cheek,mushroom lemon sauce,0.8232291146371181
beef cheek,chocolate peanut butter mousse,0.8084481603382979
beef cheek,cheese cake,0.8083141839031275
chowder,chowder,1.0
salmon,salmon,1.0
salmon,wine,0.8055832052758009
heritage pig bolognese,heritage pig bolognese,1.0
cheesecake,cheesecake,1.0
roasted beet,roasted sirloin,0.8421643433676206
roasted beet,roasted beet,1.0
luke,luke,1.0
truffle,cream,0.8145725433236897
truffle,truffle,1.0
truffle,bottom,0.8159636481005075
truffle,crunchy,0.8146378479392238
bettereggsbenedict,bettereggsbenedict,1.0
chocolate mousse,nearblack chocolate,0.8416351134292993
chocolate mousse,dark chocolate mousse cake,0.8679420010423946
chocolate mousse,chocolate peanut butter,0.830612497311652
chocolate mousse,mousse cake,0.8289462561102665
chocolate mousse,chocolate mousse,1.0
chocolate mousse,chocolate hazelnut cake,0.8436654567804155
chocolate mousse,dessert cheesecake,0.8155239226738153
chocolate mousse,chocolate cake,0.8682596377634163
chocolate mousse,peanut butter chocolate mousse cake,0.8490951768467148
chocolate mousse,chocolate peanut butter mousse,0.8980269314894681
chocolate mousse,cheese cake,0.8195673320965118
chocolate mousse,soda bread,0.8010856734177634
chocolate mousse,chocolate mousse cake,0.9201998623386668
chocolate mousse,chocolate mousse cake starsfluffy,0.8434708072904018
hollandaise sauce,nearblack chocolate,0.8072734868814233
hollandaise sauce,bearnaise sauce,0.8619320612029768
hollandaise sauce,cheesy cream sauce,0.8511521343838606
hollandaise sauce,mushroom sauce,0.8710547013506454
hollandaise sauce,chocolate peanut butter,0.800232976530784
hollandaise sauce,poivre sauce,0.820639271285887
hollandaise sauce,hollandaise sauce,1.0
hollandaise sauce,truffle oil,0.8120371769682111
hollandaise sauce,steak sauce,0.8368080816375679
hollandaise sauce,mushroom lemon sauce,0.834971094494811
overcooked,burnt,0.8506983289592528
overcooked,buried,0.8308039575922566
overcooked,overcooked,1.0
overcooked,coupled,0.8050405829354328
overcooked,baked,0.8182827282408237
overcooked,bestowed,0.8436552214695752
overcooked,toasted,0.8570575791775888
meats,potatoes,0.8360968845788623
meats,oysters,0.8184449648118314
meats,spirits,0.8483018429240845
meats,berries,0.8146305724986271
meats,sauces,0.8435658126034242
meats,steaks,0.8180047049077667
meats,shirts,0.8545411707371813
meats,carrots,0.821807766154559
meats,bussers,0.8561848377867046
meats,pieces,0.8234055052737225
meats,calories,0.8573455635094488
meats,burgers,0.8113576572595261
meats,chips,0.8280941184039158
meats,meats,1.0
meats,beets,0.8258939743979776
meats,desserts,0.8592206750322056
meats,fries,0.8745387065956495
meats,coworkers,0.8088299092707619
meats,onions,0.807486064681403
meats,lugers,0.8287030977779606
meats,toppings,0.832751990715214
meats,peppers,0.8153809622850464
mash potatoes,craft beers,0.8191058403294693
mash potatoes,namesake potatoes,0.8550908228021193
mash potatoes,mash potatoes,1.0
mash potatoes,whipped mash potatoes,0.8235069547049374
mash potatoes,crispy oysters,0.8117736619093597
beets,oysters,0.8172323526107257
beets,spirits,0.8243118189815734
beets,berries,0.8069703229647835
beets,sauces,0.800072123649264
beets,steaks,0.8065299280339615
beets,shirts,0.8197083661174895
beets,bussers,0.8335982795370173
beets,pieces,0.8332008761731241
beets,calories,0.8141888585314393
beets,burgers,0.8107549010352924
beets,meats,0.8258939743979776
beets,beets,1.0
beets,desserts,0.8214321703042706
beets,fries,0.8335596153571704
beets,coworkers,0.8008996094182367
beets,lugers,0.8017997355833751
beets,beers,0.8184802613866609
short ribs,black vests,0.8316472378613267
short ribs,black shirts,0.8229334585048111
short ribs,short ribs,1.0
short ribs,wild mushrooms,0.8436982190853216
short ribs,braised short ribs,0.8383081293058141
short ribs,beef short ribs,0.8619561882050499
chanterelles,pieces,0.8113932742800809
chanterelles,calories,0.8025467116056232
chanterelles,burgers,0.8057758069534369
chanterelles,chips,0.8138946413106807
chanterelles,chanterelles,1.0
chanterelles,toppings,0.8105530186233068
onion rings,onion rings,1.0
onion rings,burger beers,0.8060011427213392
ice cream,nearblack chocolate,0.8120083260473446
ice cream,cheesy cream sauce,0.8407487563763044
ice cream,peanut butter,0.8305618253203302
ice cream,chocolate peanut butter,0.8499864338214816
ice cream,ice cream,1.0
ice cream,vanilla ice cream,0.9310842881982796
ice cream,chocolate peanut butter mousse,0.8096615383930001
ice cream,banana ice cream,0.9340089655955841
mine,mine,1.0
potato,potato,1.0
bolognese sauce,bolognese sauce,1.0
pan roasted halibut,pan roasted halibut,1.0
king crab,king crab,1.0
lighter sauce,mushroom sauce,0.8114735852493751
lighter sauce,lighter sauce,1.0
lighter sauce,mushroom lemon sauce,0.8110910282652284
round toasted,round toasted,1.0
reservefiletmignon,reservefiletmignon,1.0
desserts,potatoes,0.8314238277251025
desserts,oysters,0.8501809325808118
desserts,spirits,0.8289703034786892
desserts,berries,0.8359983015428454
desserts,greens,0.8105120917029864
desserts,sauces,0.855806338777242
desserts,steaks,0.8317220069665452
desserts,shirts,0.8894706033514731
desserts,cocktails,0.8127765725430813
desserts,bussers,0.8733366425822877
desserts,pieces,0.8755533657551545
desserts,calories,0.8734614484955754
desserts,burgers,0.828972300771694
desserts,chips,0.8088581963342101
desserts,meats,0.8592206750322056
desserts,beets,0.8214321703042706
desserts,desserts,1.0
desserts,fries,0.860887131089752
desserts,coworkers,0.8193084147565537
desserts,onions,0.8414288824403405
desserts,lugers,0.8750398999353485
desserts,stoeffers,0.8232196645215869
desserts,toppings,0.85375742938963
desserts,peppers,0.8253797745573854
desserts,beers,0.8428094295659503
coors,berries,0.8577232638331828
coors,bussers,0.8074039382943929
coors,pieces,0.8044582464192508
coors,calories,0.8231987267976193
coors,burgers,0.8104797541894679
coors,chips,0.811782063829901
coors,coors,1.0
coors,fries,0.8116393465313324
coors,lugers,0.8199007087201986
coors,stoeffers,0.8573057608805238
coors,toppings,0.8190654206688739
coors,peppers,0.835502675167487
coors,beers,0.8395313807478308
truffle oil,nearblack chocolate,0.8269097446564203
truffle oil,farm beef cheek,0.8042290844700398
truffle oil,cheesy cream sauce,0.8055128937344095
truffle oil,delmonicos signature steak,0.8074978346290136
truffle oil,mushroom sauce,0.8057423997046901
truffle oil,peanut butter,0.8215142604983804
truffle oil,chocolate peanut butter,0.8417730580840579
truffle oil,rib eye steak,0.8130703333145413
truffle oil,poivre sauce,0.8039683836827576
truffle oil,hollandaise sauce,0.8120371769682111
truffle oil,truffle oil,1.0
truffle oil,rib eye,0.8235462847882736
truffle oil,lemon juice,0.829163457800698
truffle oil,cheek meat,0.8190172237608735
truffle oil,mushroom lemon sauce,0.8268821108031431
truffle oil,chocolate peanut butter mousse,0.8177138747669419
truffle oil,bacon mishap,0.8358237015988427
truffle oil,bread basket,0.8191424557138194
truffle oil,banana ice cream,0.8191114916662392
bottom,truffle,0.8159636481005075
bottom,bottom,1.0
petitfiletmignon starstender,farm beef cheek,0.8208580111539816
petitfiletmignon starstender,petitfiletmignon starstender,1.0
passion fruit sauce,bearnaise sauce,0.8184327591394429
passion fruit sauce,farm beef cheek,0.8421162219206233
passion fruit sauce,day dryaged bonein rib eye delmonico steak,0.8225923252415025
passion fruit sauce,peanut butter,0.8156922177829078
passion fruit sauce,chocolate peanut butter,0.8157267911493998
passion fruit sauce,rib eye steak,0.8312609772186023
passion fruit sauce,poivre sauce,0.8129330832011745
passion fruit sauce,passion fruit sauce,1.0
passion fruit sauce,steak sauce,0.8211726120633193
passion fruit sauce,vanilla ice cream,0.8213697956250406
passion fruit sauce,cheek meat,0.8011036503789005
passion fruit sauce,mushroom lemon sauce,0.8326529989198084
passion fruit sauce,crispy bone marrow,0.8196862524491043
passion fruit sauce,peanut butter chocolate mousse cake,0.8700201967372985
passion fruit sauce,chocolate peanut butter mousse,0.84725765497944
passion fruit sauce,bread basket,0.8247975502236327
passion fruit sauce,banana ice cream,0.8102652418247479
fillet mignon,fillet mignon,1.0
fillet mignon,filet mignon,1.0000000243547726
fillet mignon,filet mignon anddelmonicosteak,0.8909862231952574
buttery garlic toast,buttery garlic toast,1.0
broccoli,broccoli,1.0
chilled soup,chilled soup,1.0
meat,meat,1.0
day dryaged prime ribeye steak,aged ribeye,0.8012081180589018
day dryaged prime ribeye steak,day dryaged bonein rib eye delmonico steak,0.8286048543703215
day dryaged prime ribeye steak,prime boneless ribeye steak,0.8900841601798116
day dryaged prime ribeye steak,day dryaged prime ribeye steak,1.0
day dryaged prime ribeye steak,day dryaged prime ribeye,0.9599821836263316
day dryaged prime ribeye steak,seasonal soup gazpacho,0.8283883515585264
day dryaged prime ribeye steak,day aged ribeye,0.8596480449387264
crunchy,journey,0.8044148799740696
crunchy,cream,0.8212011284037387
crunchy,truffle,0.8146378479392238
crunchy,crunchy,1.0
buffalo mozzarella & yellow beefsteak tomato,buffalo mozzarella & yellow beefsteak tomato,1.0
blue cheese,blue cheese,1.0
blue cheese,buttermilk blue cheese,0.8795829997315631
black,white,0.8224046296311294
black,garlic,0.8244085566670784
black,black,1.0
brings,profiteroles,0.8053538246098589
brings,brings,1.0
brings,cuts,0.8209195204530311
brings,offers,0.8073494138687243
rib eye,rib eye and,0.8758773203012148
rib eye,day dryaged bonein rib eye delmonico steak,0.8336243098058439
rib eye,peanut butter,0.8158092525535054
rib eye,blueberry pie,0.8140342372013419
rib eye,rib eye steak,0.929195332197053
rib eye,poivre sauce,0.8035804769237035
rib eye,truffle oil,0.8235462847882736
rib eye,rib eye,1.0
rib eye,lemon juice,0.8044374393310271
rib eye,mushroom lemon sauce,0.8196228546737603
rib eye,crispy bone marrow,0.8022343498239971
rib eye,soda bread,0.8053631710819974
rib eye,bread basket,0.8291165898418931
steak sauce,bearnaise sauce,0.8071566270999345
steak sauce,cheesy cream sauce,0.8185025881397527
steak sauce,delmonicos signature steak,0.8253260095122119
steak sauce,mushroom sauce,0.8665907102800642
steak sauce,chocolate peanut butter,0.821473185967407
steak sauce,rib eye steak,0.8358632246270302
steak sauce,sirloin steak,0.8633426790349945
steak sauce,poivre sauce,0.8135655139825213
steak sauce,hollandaise sauce,0.8368080816375679
steak sauce,passion fruit sauce,0.8211726120633193
steak sauce,steak sauce,1.0
steak sauce,mushroom lemon sauce,0.8499065904558404
steak sauce,peanut butter chocolate mousse cake,0.816326031904696
steak sauce,chocolate peanut butter mousse,0.8177547604780224
belly,belly,1.0
hash browns,hash browns,1.0
giovanni,giovanni,1.0
frizzled onions,mashed potatoes,0.8318244877701138
frizzled onions,frizzled onions,1.0
frizzled onions,braised ribs,0.8710242952617172
frizzled onions,whipped mash potatoes,0.8349271172349955
frizzled onions,whipped potatoes,0.855978882251643
garlic mash,white cake,0.8014092929849779
garlic mash,garlic mash,1.0
garlic mash,seasonal soup gazpacho,0.804777135433458
coupled,burnt,0.8469051510665114
coupled,overcooked,0.8050405829354328
coupled,coupled,1.0
coupled,bestowed,0.873673462597147
parmesan,parmesan,1.0
lobster tail,pound lobster,0.8280020394295551
lobster tail,potatoes lobster newburg chicken,0.8096294229033705
lobster tail,lobster newberg,0.8823809184234436
lobster tail,lobster tail,1.0
lobster tail,lobster bisque,0.892742805780047
lobster tail,lobster,0.8054389042779806
lobster tail,lobster newburg,0.8886363810122598
vanilla ice cream,farm beef cheek,0.8242952584183679
vanilla ice cream,cheesy cream sauce,0.8182457708642361
vanilla ice cream,day dryaged bonein rib eye delmonico steak,0.8039467527875171
vanilla ice cream,peanut butter,0.8680052402597835
vanilla ice cream,chocolate peanut butter,0.8693856005897613
vanilla ice cream,rib eye steak,0.8275478357395378
vanilla ice cream,ice cream,0.9310842881982796
vanilla ice cream,passion fruit sauce,0.8213697956250406
vanilla ice cream,vanilla ice cream,1.0
vanilla ice cream,lemon juice,0.814991240722876
vanilla ice cream,mushroom lemon sauce,0.8217561062684456
vanilla ice cream,crispy bone marrow,0.825590117255219
vanilla ice cream,peanut butter chocolate mousse cake,0.8406683774138767
vanilla ice cream,chocolate peanut butter mousse,0.8520443953179196
vanilla ice cream,bread basket,0.8185902793825103
vanilla ice cream,banana ice cream,0.9466581285840547
vanilla ice cream,lobster newburg,0.802024061102546
profiterole,profiterole,1.0
braised ribs,mashed potatoes,0.8344143098173264
braised ribs,frizzled onions,0.8710242952617172
braised ribs,braised ribs,1.0
braised ribs,braised short ribs,0.8778926580130656
braised ribs,whipped mash potatoes,0.8390772283855723
braised ribs,parbaked bread rolls,0.818453788170377
braised ribs,whipped potatoes,0.8583313049274452
butter,lemon,0.8064597214078443
butter,onion,0.8064756998809202
butter,peanut butter,0.809320372011152
butter,marrow,0.8205254482706351
butter,butter,1.0
garlic and lemon,mac and cheese,0.803926030472244
garlic and lemon,garlic and lemon,1.0
white cream,white cake,0.8263752465611317
white cream,white cream,1.0
fries,potatoes,0.8713426285084626
fries,oysters,0.8798634046388446
fries,spirits,0.8854393919175575
fries,berries,0.8962908223715587
fries,sauces,0.8696091596487078
fries,shirts,0.8471096218140503
fries,carrots,0.831328846660194
fries,cocktails,0.8463664200893202
fries,paintings,0.8343089629215373
fries,bussers,0.8649028516220987
fries,pieces,0.8770233985330247
fries,calories,0.8838289611828937
fries,burgers,0.8601126351511944
fries,chips,0.8527735998669826
fries,meats,0.8745387065956495
fries,beets,0.8335596153571704
fries,desserts,0.860887131089752
fries,coors,0.8116393465313324
fries,fries,1.0
fries,peas,0.8041464287161416
fries,coworkers,0.82822772020193
fries,onions,0.8477056619365864
fries,cappuccinos,0.8013580500828915
fries,lugers,0.8939906063628753
fries,others,0.8476992852413691
fries,stoeffers,0.8720866125952431
fries,toppings,0.8877670889231273
fries,tomatoes,0.8014043992547929
fries,peppers,0.8856436332510027
fries,beers,0.8544282540222644
gulf shrimp,gulf shrimp,1.0
peas,potatoes,0.8345428675652284
peas,fries,0.8041464287161416
peas,peas,1.0
chocolate hazelnut cake,nearblack chocolate,0.805397918711766
chocolate hazelnut cake,walnut cake,0.8396199670551143
chocolate hazelnut cake,farm beef cheek,0.8202829540104155
chocolate hazelnut cake,cheesy cream sauce,0.8149948336323051
chocolate hazelnut cake,day dryaged bonein rib eye delmonico steak,0.8082694454139743
chocolate hazelnut cake,mushroom sauce,0.8301958707522981
chocolate hazelnut cake,dark chocolate mousse cake,0.9051920015380163
chocolate hazelnut cake,crab cake,0.8571562301572074
chocolate hazelnut cake,chocolate peanut butter,0.8593117540646454
chocolate hazelnut cake,rib eye steak,0.8000257348895812
chocolate hazelnut cake,mousse cake,0.8229371043681226
chocolate hazelnut cake,chocolate mousse,0.8436654567804155
chocolate hazelnut cake,chocolate hazelnut cake,1.0
chocolate hazelnut cake,pound steak,0.8078706659354187
chocolate hazelnut cake,cheek meat,0.8161007584402156
chocolate hazelnut cake,mushroom lemon sauce,0.8109954744700417
chocolate hazelnut cake,chocolate cake,0.9286017713316522
chocolate hazelnut cake,peanut butter chocolate mousse cake,0.9016876518358337
chocolate hazelnut cake,chocolate peanut butter mousse,0.8691348578750023
chocolate hazelnut cake,sponge cake,0.9011340575582808
chocolate hazelnut cake,cheese cake,0.8935573997223889
chocolate hazelnut cake,chocolate mousse cake,0.9280512578259914
chocolate hazelnut cake,chocolate mousse cake starsfluffy,0.8911555261108961
chocolate hazelnut cake,bread basket,0.8110747665083043
baked,overcooked,0.8182827282408237
baked,baked,1.0
baked,toasted,0.803517186068581
coworkers,potatoes,0.824633274642592
coworkers,oysters,0.8440397595075991
coworkers,spirits,0.803110299522794
coworkers,berries,0.8026394518223775
coworkers,sauces,0.8230587831549031
coworkers,shirts,0.803688600538885
coworkers,pieces,0.810170201423479
coworkers,burgers,0.8208859618792725
coworkers,meats,0.8088299092707619
coworkers,beets,0.8008996094182367
coworkers,desserts,0.8193084147565537
coworkers,fries,0.82822772020193
coworkers,coworkers,1.0
coworkers,cappuccinos,0.8053469058787723
coworkers,lugers,0.8120522540610385
coworkers,stoeffers,0.8193362036883031
day dryaged prime ribeye,aged ribeye,0.8023750634129607
day dryaged prime ribeye,day dryaged prime ribeye steak,0.9599821836263316
day dryaged prime ribeye,day dryaged prime ribeye,1.0
day dryaged prime ribeye,day aged ribeye,0.8619110193222597
pound steak,pound lobster,0.8680699366750377
pound steak,delmonicos signature steak,0.8289674461816094
pound steak,day dryaged bonein rib eye delmonico steak,0.8298892253925483
pound steak,mushroom sauce,0.8377200415625022
pound steak,peanut butter,0.8082414143323553
pound steak,chocolate peanut butter,0.8350137509783406
pound steak,rib eye steak,0.8566683462880487
pound steak,sirloin steak,0.8454098860474208
pound steak,chocolate hazelnut cake,0.8078706659354187
pound steak,pound steak,1.0
pound steak,lemon juice,0.8100634101701504
pound steak,mushroom lemon sauce,0.8401797025090133
pound steak,ribeye steak,0.848350182268375
pound steak,chocolate peanut butter mousse,0.8037990619742087
burrata salad,tomato salad,0.8073901104397871
burrata salad,cesar salad,0.848921734500839
burrata salad,burrata salad,1.0
lemon juice,lemon,0.8095875409729077
lemon juice,farm beef cheek,0.8045738480824594
lemon juice,peanut butter,0.8433977903325602
lemon juice,manhattan clam chowder,0.806519205372415
lemon juice,chocolate peanut butter,0.8350741244124475
lemon juice,rib eye steak,0.8229231003823766
lemon juice,sirloin steak,0.8060942602137695
lemon juice,truffle oil,0.829163457800698
lemon juice,rib eye,0.8044374393310271
lemon juice,vanilla ice cream,0.814991240722876
lemon juice,pound steak,0.8100634101701504
lemon juice,lemon juice,1.0
lemon juice,mushroom lemon sauce,0.8969537920895271
lemon juice,chocolate peanut butter mousse,0.8204377885785641
lemon juice,bacon mishap,0.8045039971137041
lemon juice,banana ice cream,0.830883394588829
lemon juice,lemon cheesecake,0.8298773916999213
west coast oysters,west coast oysters,1.0
west coast oysters,west coast selection,0.8487028115447436
corn,corn,1.0
bbq,bbq,1.0
roasted cauliflower,roasted cauliflower,1.0
creamed spinach,creamed spinach,1.0
bestowed,burnt,0.8729198676800456
bestowed,buried,0.8548086365152049
bestowed,overcooked,0.8436552214695752
bestowed,coupled,0.873673462597147
bestowed,bestowed,1.0
bestowed,toasted,0.8008778219302444
onions,potatoes,0.8168850684402678
onions,cremini,0.8080028385157386
onions,oysters,0.8008107700648581
onions,spirits,0.8369255934656042
onions,berries,0.8396297241811482
onions,sauces,0.8294505848997841
onions,shirts,0.8202906460646314
onions,bussers,0.8258138673805969
onions,pieces,0.8386016571088583
onions,calories,0.8603670579251186
onions,burgers,0.8129169652149704
onions,chips,0.8136400706832089
onions,meats,0.807486064681403
onions,desserts,0.8414288824403405
onions,fries,0.8477056619365864
onions,onions,1.0
onions,lugers,0.8600164074204097
onions,others,0.810526119891236
onions,stoeffers,0.8099626975538556
onions,toppings,0.8748593263093829
onions,peppers,0.8387233432370277
vodka,vodka,1.0
cake,cake,1.0
cake,chocolate,0.8040073941862922
yellow,yellow,1.0
delmonicos streak,delmonicos streak,1.0
char,char,1.0
brulee,brulee,1.0
brulee,chocolate,0.8023258208349964
grilled asparagus,grilled broccoli,0.8672912678545242
grilled asparagus,grilled asparagus,1.0
sandwich,sandwich,1.0
cheek meat,farm beef cheek,0.8546577353302156
cheek meat,dark chocolate mousse cake,0.8013741336744274
cheek meat,chocolate peanut butter,0.8344259007204453
cheek meat,beef cheek,0.8407349139539252
cheek meat,truffle oil,0.8190172237608735
cheek meat,passion fruit sauce,0.8011036503789005
cheek meat,chocolate hazelnut cake,0.8161007584402156
cheek meat,cheek meat,1.0
cheek meat,mushroom lemon sauce,0.8061567170837044
cheek meat,crispy bone marrow,0.8056419988960285
cheek meat,peanut butter chocolate mousse cake,0.8122750154463358
cheek meat,chocolate peanut butter mousse,0.8396028503251186
cheek meat,soda bread,0.8195259083664007
cheek meat,bread basket,0.8400398065489386
mushroom lemon sauce,nearblack chocolate,0.8252486078265729
mushroom lemon sauce,bearnaise sauce,0.8565979542087762
mushroom lemon sauce,farm beef cheek,0.8716109858118694
mushroom lemon sauce,cheesy cream sauce,0.8852621916493681
mushroom lemon sauce,delmonicos signature steak,0.8105136485136651
mushroom lemon sauce,day dryaged bonein rib eye delmonico steak,0.852911755321032
mushroom lemon sauce,mushroom sauce,0.9305261738258466
mushroom lemon sauce,dark chocolate mousse cake,0.8232107158789898
mushroom lemon sauce,peanut butter,0.8597753538183979
mushroom lemon sauce,chocolate peanut butter,0.899556784879638
mushroom lemon sauce,rib eye steak,0.8588607128704725
mushroom lemon sauce,beef cheek,0.8232291146371181
mushroom lemon sauce,hollandaise sauce,0.834971094494811
mushroom lemon sauce,lighter sauce,0.8110910282652284
mushroom lemon sauce,truffle oil,0.8268821108031431
mushroom lemon sauce,passion fruit sauce,0.8326529989198084
mushroom lemon sauce,rib eye,0.8196228546737603
mushroom lemon sauce,steak sauce,0.8499065904558404
mushroom lemon sauce,vanilla ice cream,0.8217561062684456
mushroom lemon sauce,chocolate hazelnut cake,0.8109954744700417
mushroom lemon sauce,pound steak,0.8401797025090133
mushroom lemon sauce,lemon juice,0.8969537920895271
mushroom lemon sauce,cheek meat,0.8061567170837044
mushroom lemon sauce,mushroom lemon sauce,1.0
mushroom lemon sauce,crispy bone marrow,0.8299483345956475
mushroom lemon sauce,peanut butter chocolate mousse cake,0.858455818344833
mushroom lemon sauce,chocolate peanut butter mousse,0.8882239198868281
mushroom lemon sauce,bacon mishap,0.8116514571292588
mushroom lemon sauce,bread basket,0.8375057270940333
mushroom lemon sauce,banana ice cream,0.8110804916417721
mushroom lemon sauce,crispy string,0.8218049609017285
mushroom lemon sauce,lemon cheesecake,0.8074194242508506
cocoa krispies cereal,cocoa krispies cereal,1.0
scallop,scallop,1.0
crispy oyster jim,crispy oyster jim,1.0
crispy oyster jim,crispy oyster,0.8529512974014604
crispy oyster jim,crispy string,0.8013888118213156
dessert cheesecake,mousse cake,0.8046967559439572
dessert cheesecake,chocolate mousse,0.8155239226738153
dessert cheesecake,dessert cheesecake,1.0
dessert cheesecake,chocolate cake,0.8557446157852496
dessert cheesecake,sponge cake,0.8251179907965671
dessert cheesecake,cheese cake,0.8212425238850461
dessert cheesecake,chocolate mousse cake,0.8329300680804711
dessert cheesecake,lemon cheesecake,0.9156404075263428
mac n cheese,mac and cheese,0.8800329883091091
mac n cheese,mac n cheese,1.0
ravioli,ravioli,1.0
cappuccinos,oysters,0.8462250440659477
cappuccinos,fries,0.8013580500828915
cappuccinos,coworkers,0.8053469058787723
cappuccinos,cappuccinos,1.0
cheese,cheese,1.0
chicken,chicken,1.0
toasted,burnt,0.8540289902123338
toasted,overcooked,0.8570575791775888
toasted,baked,0.803517186068581
toasted,bestowed,0.8008778219302444
toasted,toasted,1.0
crab,crab,1.0
wild mushrooms,black vests,0.8676460252664714
wild mushrooms,french fries,0.8316517440254789
wild mushrooms,black shirts,0.8575863988863645
wild mushrooms,short ribs,0.8436982190853216
wild mushrooms,wild mushrooms,1.0
wild mushrooms,white males,0.8332394807826223
new york cheesecake,new york cheesecake,1.0
new york cheesecake,new york style cheesecake,0.9197275346016949
filet mignon,fillet mignon,1.0000000243547726
filet mignon,filet mignon,1.0
filet mignon,filet mignon anddelmonicosteak,0.8909862231952574
chocolate cake,nearblack chocolate,0.8212414858923323
chocolate cake,walnut cake,0.8515319453178676
chocolate cake,cheesy cream sauce,0.8040290270432825
chocolate cake,mushroom sauce,0.8260402987816574
chocolate cake,dark chocolate mousse cake,0.8967568649562242
chocolate cake,cake biscuit,0.8571729023671315
chocolate cake,crab cake,0.8708603729501956
chocolate cake,chocolate peanut butter,0.8479081729211954
chocolate cake,sirloin steak,0.8028167447383052
chocolate cake,mousse cake,0.8559972258715632
chocolate cake,chocolate mousse,0.8682596377634163
chocolate cake,chocolate hazelnut cake,0.9286017713316522
chocolate cake,dessert cheesecake,0.8557446157852496
chocolate cake,chocolate cake,1.0
chocolate cake,chocolate,0.818183364842631
chocolate cake,peanut butter chocolate mousse cake,0.8610920032745618
chocolate cake,chocolate peanut butter mousse,0.8408987102306947
chocolate cake,sponge cake,0.9373723028043023
chocolate cake,cheese cake,0.9096581667881964
chocolate cake,chocolate mousse cake,0.937156462791547
chocolate cake,chocolate mousse cake starsfluffy,0.8935423330613901
poke,poke,1.0
lobster bisque,farm beef cheek,0.8129859693719587
lobster bisque,potatoes lobster newburg chicken,0.8164435136886957
lobster bisque,lobster newberg,0.9003107021065601
lobster bisque,lobster tail,0.892742805780047
lobster bisque,lobster bisque,1.0
lobster bisque,lobster newburg,0.8290762049941846
steak,steak,1.0
because lobster,because lobster,1.0
cane,lemon,0.8151168925796818
cane,cane,1.0
crispy bone marrow,cheesy cream sauce,0.8027994534040337
crispy bone marrow,day dryaged bonein rib eye delmonico steak,0.8220667185220645
crispy bone marrow,bone marrow,0.9135848115761643
crispy bone marrow,peanut butter,0.8422027058831512
crispy bone marrow,chocolate peanut butter,0.8485221601830917
crispy bone marrow,rib eye steak,0.8361542084922265
crispy bone marrow,passion fruit sauce,0.8196862524491043
crispy bone marrow,rib eye,0.8022343498239971
crispy bone marrow,vanilla ice cream,0.825590117255219
crispy bone marrow,cheek meat,0.8056419988960285
crispy bone marrow,mushroom lemon sauce,0.8299483345956475
crispy bone marrow,crispy bone marrow,1.0
crispy bone marrow,peanut butter chocolate mousse cake,0.8188601417623231
crispy bone marrow,chocolate peanut butter mousse,0.8370355354604256
crispy bone marrow,bread basket,0.8223770965362586
crispy bone marrow,banana ice cream,0.8120161760753133
crispy bone marrow,crispy string,0.8510006322193474
caucasian,caucasian,1.0
chocolate,nearblack chocolate,0.822317897723984
chocolate,guac,0.8658909384499508
chocolate,cake,0.8040073941862922
chocolate,brulee,0.8023258208349964
chocolate,chocolate cake,0.818183364842631
chocolate,chocolate,1.0
lugers,potatoes,0.8622591145202237
lugers,cremini,0.8308085255212971
lugers,oysters,0.8581141033174866
lugers,spirits,0.8635148984009224
lugers,berries,0.8951519902297053
lugers,sauces,0.8390963749736959
lugers,shirts,0.827046520145954
lugers,cocktails,0.8085317691303007
lugers,bussers,0.8799232109374961
lugers,pieces,0.859015351593238
lugers,calories,0.8965011396292106
lugers,burgers,0.8451217801003084
lugers,chips,0.8513306810530521
lugers,meats,0.8287030977779606
lugers,beets,0.8017997355833751
lugers,desserts,0.8750398999353485
lugers,coors,0.8199007087201986
lugers,fries,0.8939906063628753
lugers,coworkers,0.8120522540610385
lugers,onions,0.8600164074204097
lugers,lugers,1.0
lugers,others,0.8142843456357576
lugers,stoeffers,0.8894231289778131
lugers,toppings,0.8568158906302231
lugers,peppers,0.8973720980832572
lugers,beers,0.8727504027095252
fried onion garnish,crispy alebattered onion rings,0.8101950370670016
fried onion garnish,fried onion garnish,1.0
ribeye steak,prime boneless ribeye steak,0.8731051939943342
ribeye steak,rib eye steak,0.8011911344216203
ribeye steak,sirloin steak,0.8354902908368826
ribeye steak,pound steak,0.848350182268375
ribeye steak,ribeye steak,1.0
beefsteak tomato,beefsteak tomato,1.0
peanut butter chocolate mousse cake,nearblack chocolate,0.8058020293851047
peanut butter chocolate mousse cake,farm beef cheek,0.8552883439484024
peanut butter chocolate mousse cake,cheesy cream sauce,0.8194941394956768
peanut butter chocolate mousse cake,day dryaged bonein rib eye delmonico steak,0.8628226204247722
peanut butter chocolate mousse cake,dark chocolate mousse cake,0.9236640648999492
peanut butter chocolate mousse cake,peanut butter,0.9018046445724336
peanut butter chocolate mousse cake,chocolate peanut butter,0.9210470968589541
peanut butter chocolate mousse cake,rib eye steak,0.8338247845164388
peanut butter chocolate mousse cake,mousse cake,0.8147403560136752
peanut butter chocolate mousse cake,chocolate mousse,0.8490951768467148
peanut butter chocolate mousse cake,passion fruit sauce,0.8700201967372985
peanut butter chocolate mousse cake,steak sauce,0.816326031904696
peanut butter chocolate mousse cake,vanilla ice cream,0.8406683774138767
peanut butter chocolate mousse cake,chocolate hazelnut cake,0.9016876518358337
peanut butter chocolate mousse cake,cheek meat,0.8122750154463358
peanut butter chocolate mousse cake,mushroom lemon sauce,0.858455818344833
peanut butter chocolate mousse cake,chocolate cake,0.8610920032745618
peanut butter chocolate mousse cake,crispy bone marrow,0.8188601417623231
peanut butter chocolate mousse cake,peanut butter chocolate mousse cake,1.0
peanut butter chocolate mousse cake,chocolate peanut butter mousse,0.9575514450278004
peanut butter chocolate mousse cake,sponge cake,0.8006653886041967
peanut butter chocolate mousse cake,cheese cake,0.8394977424601643
peanut butter chocolate mousse cake,soda bread,0.8011905650045676
peanut butter chocolate mousse cake,chocolate mousse cake,0.9281511173952426
peanut butter chocolate mousse cake,chocolate mousse cake starsfluffy,0.8757817830881011
peanut butter chocolate mousse cake,bread basket,0.8548686034403928
peanut butter chocolate mousse cake,banana ice cream,0.8190899629841302
banana flavored cake,banana flavored cake,1.0
contrast,contrast,1.0
burger beers,craft beers,0.8624915233435606
burger beers,onion rings,0.8060011427213392
burger beers,burger beers,1.0
burger beers,crispy oysters,0.8177531282146505
burger beers,lamb chops,0.8051439782288003
wine,creation,0.8130409529546241
wine,buck,0.8122235698342997
wine,spinach,0.8085948806035008
wine,salmon,0.8055832052758009
wine,wine,1.0
beststeakswe,beststeakswe,1.0
roaches,roaches,1.0
cheesesteak,cheesesteak,1.0
chocolate peanut butter mousse,nearblack chocolate,0.8303856764060757
chocolate peanut butter mousse,bearnaise sauce,0.8071134121546006
chocolate peanut butter mousse,farm beef cheek,0.8650566174369732
chocolate peanut butter mousse,cheesy cream sauce,0.8347356876579068
chocolate peanut butter mousse,day dryaged bonein rib eye delmonico steak,0.8578287719022166
chocolate peanut butter mousse,mushroom sauce,0.8186322367920513
chocolate peanut butter mousse,dark chocolate mousse cake,0.890892246430755
chocolate peanut butter mousse,rigatoni pasta,0.8001507855616927
chocolate peanut butter mousse,peanut butter,0.9239464690881402
chocolate peanut butter mousse,chocolate peanut butter,0.9619296412078638
chocolate peanut butter mousse,rib eye steak,0.8336622738689351
chocolate peanut butter mousse,sirloin steak,0.8005119386471947
chocolate peanut butter mousse,beef cheek,0.8084481603382979
chocolate peanut butter mousse,chocolate mousse,0.8980269314894681
chocolate peanut butter mousse,ice cream,0.8096615383930001
chocolate peanut butter mousse,truffle oil,0.8177138747669419
chocolate peanut butter mousse,passion fruit sauce,0.84725765497944
chocolate peanut butter mousse,steak sauce,0.8177547604780224
chocolate peanut butter mousse,vanilla ice cream,0.8520443953179196
chocolate peanut butter mousse,chocolate hazelnut cake,0.8691348578750023
chocolate peanut butter mousse,pound steak,0.8037990619742087
chocolate peanut butter mousse,lemon juice,0.8204377885785641
chocolate peanut butter mousse,cheek meat,0.8396028503251186
chocolate peanut butter mousse,mushroom lemon sauce,0.8882239198868281
chocolate peanut butter mousse,chocolate cake,0.8408987102306947
chocolate peanut butter mousse,crispy bone marrow,0.8370355354604256
chocolate peanut butter mousse,peanut butter chocolate mousse cake,0.9575514450278004
chocolate peanut butter mousse,chocolate peanut butter mousse,1.0
chocolate peanut butter mousse,cheese cake,0.821600414006338
chocolate peanut butter mousse,soda bread,0.8359120137960234
chocolate peanut butter mousse,chocolate mousse cake,0.8927742802414043
chocolate peanut butter mousse,chocolate mousse cake starsfluffy,0.8458878614479286
chocolate peanut butter mousse,bread basket,0.8649662897564591
chocolate peanut butter mousse,banana ice cream,0.8310873334285285
others,oysters,0.8449189870153005
others,spirits,0.8291822934238073
others,berries,0.8418785690024444
others,bussers,0.8515056443843229
others,calories,0.8218497320837947
others,burgers,0.830037890922864
others,chips,0.8379390541907903
others,fries,0.8476992852413691
others,onions,0.810526119891236
others,lugers,0.8142843456357576
others,others,1.0
others,stoeffers,0.8017532342429593
others,toppings,0.8460718429683539
others,peppers,0.8560466910114168
others,beers,0.8398398151540133
sponge cake,walnut cake,0.8738084391037422
sponge cake,mushroom sauce,0.8308689516025896
sponge cake,dark chocolate mousse cake,0.8607249242155652
sponge cake,cake biscuit,0.8538494527456923
sponge cake,crab cake,0.8789897768557187
sponge cake,sirloin steak,0.8038526700250814
sponge cake,mousse cake,0.8242198479167714
sponge cake,chocolate hazelnut cake,0.9011340575582808
sponge cake,dessert cheesecake,0.8251179907965671
sponge cake,chocolate cake,0.9373723028043023
sponge cake,peanut butter chocolate mousse cake,0.8006653886041967
sponge cake,sponge cake,1.0
sponge cake,cheese cake,0.8803075188765822
sponge cake,chocolate mousse cake,0.8832396589354433
sponge cake,chocolate mousse cake starsfluffy,0.8626013438698491
eggsbenedict,eggsbenedict,1.0
scallops,scallops,1.0
strawberry compote,strawberry compote,1.0
crumby,crumby,1.0
new york style cheesecake,dark chocolate mousse cake,0.8090396131880738
new york style cheesecake,new york cheesecake,0.9197275346016949
new york style cheesecake,new york style cheesecake,1.0
walnut,walnut,1.0
west coast selection,west coast oysters,0.8487028115447436
west coast selection,west coast selection,1.0
braised short ribs,short ribs,0.8383081293058141
braised short ribs,braised ribs,0.8778926580130656
braised short ribs,braised short ribs,1.0
braised short ribs,beef short ribs,0.838832852426835
stoeffers,potatoes,0.8873740329120905
stoeffers,oysters,0.8181943190971617
stoeffers,spirits,0.8259262185988979
stoeffers,berries,0.873444620034841
stoeffers,sauces,0.8355145764952513
stoeffers,cocktails,0.8022383038710476
stoeffers,bussers,0.8220853540951873
stoeffers,pieces,0.808443452253393
stoeffers,calories,0.8581556491017468
stoeffers,burgers,0.8584081961790658
stoeffers,chips,0.8036236150113546
stoeffers,desserts,0.8232196645215869
stoeffers,coors,0.8573057608805238
stoeffers,fries,0.8720866125952431
stoeffers,coworkers,0.8193362036883031
stoeffers,onions,0.8099626975538556
stoeffers,lugers,0.8894231289778131
stoeffers,others,0.8017532342429593
stoeffers,stoeffers,1.0
stoeffers,toppings,0.8364352100340969
stoeffers,tomatoes,0.8339561829125232
stoeffers,peppers,0.892274691970388
stoeffers,beers,0.8176049529456775
egg,egg,1.0
whipped mash potatoes,mashed potatoes,0.8490473437586898
whipped mash potatoes,mash potatoes,0.8235069547049374
whipped mash potatoes,frizzled onions,0.8349271172349955
whipped mash potatoes,braised ribs,0.8390772283855723
whipped mash potatoes,whipped mash potatoes,1.0
whipped mash potatoes,parbaked bread rolls,0.8225120226472585
whipped mash potatoes,whipped potatoes,0.8832605338527847
cuisine,cuisine,1.0
stretch white jeggings,stretch white jeggings,1.0
stretch white jeggings,white males,0.8248900239711153
sambuca white,sambuca white,1.0
charles,cremini,0.8361824991225235
charles,charles,1.0
housecured bacon,housecured bacon,1.0
spoon glided,spoon glided,1.0
cuts,greens,0.801877598003691
cuts,calories,0.8044873113983546
cuts,profiteroles,0.8160380035363
cuts,brings,0.8209195204530311
cuts,cuts,1.0
beef short ribs,bacon fried rice anddelmonicopotatoes,0.8107314695939466
beef short ribs,short ribs,0.8619561882050499
beef short ribs,braised short ribs,0.838832852426835
beef short ribs,beef short ribs,1.0
crispy oysters,craft beers,0.8004501732821369
crispy oysters,crispy onions,0.9207193964087101
crispy oysters,mash potatoes,0.8117736619093597
crispy oysters,burger beers,0.8177531282146505
crispy oysters,crispy oysters,1.0
crispy oysters,crispy bits,0.8729313546545703
crispy bits,crispy onions,0.8789911354923232
crispy bits,crispy oysters,0.8729313546545703
crispy bits,crispy bits,1.0
roasted onionsapple soubise sauce,roasted onionsapple soubise sauce,1.0
bang,bang,1.0
crispy oyster,crispy oyster jim,0.8529512974014604
crispy oyster,crispy oyster,1.0
lamb,guac,0.8041272265444227
lamb,lamb,1.0
butternut squash,mushroom sauce,0.8077118051434671
butternut squash,butternut squash,1.0
cheese cake,walnut cake,0.8110092441834073
cheese cake,farm beef cheek,0.8023660326197865
cheese cake,mushroom sauce,0.8124702003765463
cheese cake,dark chocolate mousse cake,0.8677348522175337
cheese cake,cake biscuit,0.8164430755267641
cheese cake,crab cake,0.8550703801314067
cheese cake,chocolate peanut butter,0.8018914023005058
cheese cake,mousse cake,0.8314479135315982
cheese cake,beef cheek,0.8083141839031275
cheese cake,chocolate mousse,0.8195673320965118
cheese cake,chocolate hazelnut cake,0.8935573997223889
cheese cake,dessert cheesecake,0.8212425238850461
cheese cake,chocolate cake,0.9096581667881964
cheese cake,peanut butter chocolate mousse cake,0.8394977424601643
cheese cake,chocolate peanut butter mousse,0.821600414006338
cheese cake,sponge cake,0.8803075188765822
cheese cake,cheese cake,1.0
cheese cake,chocolate mousse cake,0.8814525616274015
cheese cake,chocolate mousse cake starsfluffy,0.8480035912289104
soda bread,rigatoni pasta,0.8172555313793017
soda bread,chocolate peanut butter,0.8212018158417889
soda bread,poivre sauce,0.8036283353174791
soda bread,chocolate mousse,0.8010856734177634
soda bread,rib eye,0.8053631710819974
soda bread,cheek meat,0.8195259083664007
soda bread,peanut butter chocolate mousse cake,0.8011905650045676
soda bread,chocolate peanut butter mousse,0.8359120137960234
soda bread,soda bread,1.0
soda bread,bread,0.8115012357056023
soda bread,bread basket,0.884465958690921
bread,soda bread,0.8115012357056023
bread,bread,1.0
bread,bread basket,0.8022977790536664
grapefruit,grapefruit,1.0
chocolate mousse cake,nearblack chocolate,0.8198507165061287
chocolate mousse cake,dark chocolate mousse cake,0.9448428567885221
chocolate mousse cake,cake biscuit,0.8350650634018518
chocolate mousse cake,crab cake,0.8313972674567669
chocolate mousse cake,chocolate peanut butter,0.8499395917797422
chocolate mousse cake,mousse cake,0.9276645183587593
chocolate mousse cake,chocolate mousse,0.9201998623386668
chocolate mousse cake,chocolate hazelnut cake,0.9280512578259914
chocolate mousse cake,dessert cheesecake,0.8329300680804711
chocolate mousse cake,chocolate cake,0.937156462791547
chocolate mousse cake,peanut butter chocolate mousse cake,0.9281511173952426
chocolate mousse cake,chocolate peanut butter mousse,0.8927742802414043
chocolate mousse cake,sponge cake,0.8832396589354433
chocolate mousse cake,cheese cake,0.8814525616274015
chocolate mousse cake,chocolate mousse cake,1.0
chocolate mousse cake,chocolate mousse cake starsfluffy,0.9407600122518684
lead,lead,1.0
seasonal soup gazpacho,classic steak supplement,0.8130285193119887
seasonal soup gazpacho,prime boneless ribeye steak,0.8147062024207615
seasonal soup gazpacho,bitter rubbery garbage,0.8085610817347544
seasonal soup gazpacho,day dryaged prime ribeye steak,0.8283883515585264
seasonal soup gazpacho,garlic mash,0.804777135433458
seasonal soup gazpacho,seasonal soup gazpacho,1.0
seasonal soup gazpacho,common mushroom,0.8061561859140767
delmonicos steak andbraisedshortribs,delmonicos signature steak,0.860095432833472
delmonicos steak andbraisedshortribs,delmonicos steak andbraisedshortribs,1.0
vanilla,creation,0.8001943795825054
vanilla,country,0.8220085292195339
vanilla,vanilla,1.0
spicy chicken,spicy chicken,1.0
caviar,caviar,1.0
banana sorbet,banana gelato,0.8464546050875815
banana sorbet,banana sorbet,1.0
chocolate mousse cake starsfluffy,day dryaged bonein rib eye delmonico steak,0.8094625078779911
chocolate mousse cake starsfluffy,dark chocolate mousse cake,0.9388791690145903
chocolate mousse cake starsfluffy,cake biscuit,0.8665776895889974
chocolate mousse cake starsfluffy,crab cake,0.806277399907201
chocolate mousse cake starsfluffy,chocolate peanut butter,0.8269197267187549
chocolate mousse cake starsfluffy,mousse cake,0.8680054219190014
chocolate mousse cake starsfluffy,chocolate mousse,0.8434708072904018
chocolate mousse cake starsfluffy,chocolate hazelnut cake,0.8911555261108961
chocolate mousse cake starsfluffy,chocolate cake,0.8935423330613901
chocolate mousse cake starsfluffy,peanut butter chocolate mousse cake,0.8757817830881011
chocolate mousse cake starsfluffy,chocolate peanut butter mousse,0.8458878614479286
chocolate mousse cake starsfluffy,sponge cake,0.8626013438698491
chocolate mousse cake starsfluffy,cheese cake,0.8480035912289104
chocolate mousse cake starsfluffy,chocolate mousse cake,0.9407600122518684
chocolate mousse cake starsfluffy,chocolate mousse cake starsfluffy,1.0
offers,greens,0.842593146461523
offers,brings,0.8073494138687243
offers,offers,1.0
parbaked bread rolls,braised ribs,0.818453788170377
parbaked bread rolls,whipped mash potatoes,0.8225120226472585
parbaked bread rolls,parbaked bread rolls,1.0
bacon mishap,bacon relish,0.8624683266596903
bacon mishap,truffle oil,0.8358237015988427
bacon mishap,lemon juice,0.8045039971137041
bacon mishap,mushroom lemon sauce,0.8116514571292588
bacon mishap,bacon mishap,1.0
potatoes lamb,potatoes lamb,1.0
potatoes lamb,lamb chops,0.8605241872534015
toppings,potatoes,0.8026676412575775
toppings,oysters,0.8430346336345247
toppings,spirits,0.8274764124663517
toppings,berries,0.8718276147596612
toppings,sauces,0.8615906700150009
toppings,shirts,0.8274375800750697
toppings,paintings,0.8479792904486024
toppings,bussers,0.8619757799505526
toppings,pieces,0.8619188423983941
toppings,calories,0.8645692482829616
toppings,burgers,0.8441871921886407
toppings,chips,0.8553780103656927
toppings,meats,0.832751990715214
toppings,chanterelles,0.8105530186233068
toppings,desserts,0.85375742938963
toppings,coors,0.8190654206688739
toppings,fries,0.8877670889231273
toppings,onions,0.8748593263093829
toppings,lugers,0.8568158906302231
toppings,others,0.8460718429683539
toppings,stoeffers,0.8364352100340969
toppings,toppings,1.0
toppings,peppers,0.8547490737435569
toppings,beers,0.8255403771338453
discount,discount,1.0
day aged ribeye,aged ribeye,0.9030713295358433
day aged ribeye,day dryaged prime ribeye steak,0.8596480449387264
day aged ribeye,day dryaged prime ribeye,0.8619110193222597
day aged ribeye,day aged ribeye,1.0
whipped potatoes,roasted carrots,0.8065712666588767
whipped potatoes,mashed potatoes,0.9198768439056515
whipped potatoes,frizzled onions,0.855978882251643
whipped potatoes,braised ribs,0.8583313049274452
whipped potatoes,whipped mash potatoes,0.8832605338527847
whipped potatoes,whipped potatoes,1.0
blueberry,blueberry,1.0
mashed potato,mashed potato,1.0
lobster,lobster tail,0.8054389042779806
lobster,lobster,1.0
lobster,lobster newburg,0.833241025146195
bread basket,farm beef cheek,0.8453831070204223
bread basket,day dryaged bonein rib eye delmonico steak,0.8364971001200797
bread basket,peanut butter,0.8472775471093059
bread basket,chocolate peanut butter,0.8428481926887355
bread basket,rib eye steak,0.83793610317635
bread basket,truffle oil,0.8191424557138194
bread basket,passion fruit sauce,0.8247975502236327
bread basket,rib eye,0.8291165898418931
bread basket,vanilla ice cream,0.8185902793825103
bread basket,chocolate hazelnut cake,0.8110747665083043
bread basket,cheek meat,0.8400398065489386
bread basket,mushroom lemon sauce,0.8375057270940333
bread basket,crispy bone marrow,0.8223770965362586
bread basket,peanut butter chocolate mousse cake,0.8548686034403928
bread basket,chocolate peanut butter mousse,0.8649662897564591
bread basket,soda bread,0.884465958690921
bread basket,bread,0.8022977790536664
bread basket,bread basket,1.0
bread basket,banana ice cream,0.8147824365296029
orange roe,orange roe,1.0
day draged bone,day draged bone,1.0
white males,black vests,0.8146760837298672
white males,black shirts,0.8280653947802963
white males,wild mushrooms,0.8332394807826223
white males,stretch white jeggings,0.8248900239711153
white males,white males,1.0
banana ice cream,nearblack chocolate,0.8101200948644119
banana ice cream,cheesy cream sauce,0.8289750323238473
banana ice cream,day dryaged bonein rib eye delmonico steak,0.8037798936181721
banana ice cream,peanut butter,0.8512860500274599
banana ice cream,chocolate peanut butter,0.8550611999509734
banana ice cream,rib eye steak,0.828224688814196
banana ice cream,ice cream,0.9340089655955841
banana ice cream,truffle oil,0.8191114916662392
banana ice cream,passion fruit sauce,0.8102652418247479
banana ice cream,vanilla ice cream,0.9466581285840547
banana ice cream,lemon juice,0.830883394588829
banana ice cream,mushroom lemon sauce,0.8110804916417721
banana ice cream,crispy bone marrow,0.8120161760753133
banana ice cream,peanut butter chocolate mousse cake,0.8190899629841302
banana ice cream,chocolate peanut butter mousse,0.8310873334285285
banana ice cream,bread basket,0.8147824365296029
banana ice cream,banana ice cream,1.0
banana ice cream,lobster newburg,0.807684403492769
tomatoes,potatoes,0.8178132279336066
tomatoes,cocktails,0.8064166679764282
tomatoes,fries,0.8014043992547929
tomatoes,stoeffers,0.8339561829125232
tomatoes,tomatoes,1.0
tomatoes,peppers,0.8074493602410296
common mushroom,seasonal soup gazpacho,0.8061561859140767
common mushroom,common mushroom,1.0
crispy string,chocolate peanut butter,0.8099119150524211
crispy string,mushroom lemon sauce,0.8218049609017285
crispy string,crispy oyster jim,0.8013888118213156
crispy string,crispy bone marrow,0.8510006322193474
crispy string,crispy string,1.0
regulardelmonicosteak,signaturedelmonicosteak,0.8061606025116592
regulardelmonicosteak,regulardelmonicosteak,1.0
buttermilk blue cheese,blue cheese,0.8795829997315631
buttermilk blue cheese,buttermilk blue cheese,1.0
head,head,1.0
peppers,potatoes,0.8491035488335061
peppers,oysters,0.8662331712309413
peppers,spirits,0.8394241069094148
peppers,berries,0.8807743974663838
peppers,sauces,0.8009536904957185
peppers,shirts,0.8013823318857498
peppers,cocktails,0.8317564565750797
peppers,bussers,0.8848614973264465
peppers,pieces,0.8492891203550479
peppers,calories,0.8712015057597562
peppers,burgers,0.8979312244200807
peppers,chips,0.8464371509137455
peppers,meats,0.8153809622850464
peppers,desserts,0.8253797745573854
peppers,coors,0.835502675167487
peppers,fries,0.8856436332510027
peppers,onions,0.8387233432370277
peppers,lugers,0.8973720980832572
peppers,others,0.8560466910114168
peppers,stoeffers,0.892274691970388
peppers,toppings,0.8547490737435569
peppers,tomatoes,0.8074493602410296
peppers,peppers,1.0
peppers,beers,0.8841418771124092
lamb chops,craft beers,0.8405092568774771
lamb chops,crab cakes,0.818307568833651
lamb chops,burger beers,0.8051439782288003
lamb chops,potatoes lamb,0.8605241872534015
lamb chops,lamb chops,1.0
filet mignon anddelmonicosteak,filet anddelmonicosteak,0.8989750212618249
filet mignon anddelmonicosteak,classic steak supplement,0.80085146641761
filet mignon anddelmonicosteak,fillet mignon,0.8909862231952574
filet mignon anddelmonicosteak,filet mignon,0.8909862231952574
filet mignon anddelmonicosteak,filet mignon anddelmonicosteak,1.0
lemon cheesecake,lemon juice,0.8298773916999213
lemon cheesecake,mushroom lemon sauce,0.8074194242508506
lemon cheesecake,dessert cheesecake,0.9156404075263428
lemon cheesecake,lemon cheesecake,1.0
smoked meat,smoked meat,1.0
lobster newburg,& lobster newburg,0.8522487751254854
lobster newburg,potatoes lobster newburg chicken,0.8145039157584678
lobster newburg,banana gelato,0.8166350004359262
lobster newburg,lobster newberg,0.8132018774939761
lobster newburg,lobster tail,0.8886363810122598
lobster newburg,vanilla ice cream,0.802024061102546
lobster newburg,lobster bisque,0.8290762049941846
lobster newburg,lobster,0.833241025146195
lobster newburg,banana ice cream,0.807684403492769
lobster newburg,lobster newburg,1.0
beers,potatoes,0.8198814894754258
beers,oysters,0.8569429716962971
beers,spirits,0.8322096975374276
beers,berries,0.8566354536376054
beers,steaks,0.8134183126817705
beers,shirts,0.8518635961557496
beers,cocktails,0.815067574739304
beers,paintings,0.8065276361731584
beers,bussers,0.8688884642534831
beers,pieces,0.8170506659144877
beers,calories,0.8486048256207189
beers,burgers,0.8177966201293667
beers,chips,0.8059547835624881
beers,beets,0.8184802613866609
beers,desserts,0.8428094295659503
beers,coors,0.8395313807478308
beers,fries,0.8544282540222644
beers,lugers,0.8727504027095252
beers,others,0.8398398151540133
beers,stoeffers,0.8176049529456775
beers,toppings,0.8255403771338453
beers,peppers,0.8841418771124092
beers,beers,1.0
